stock,headline,source,date,time
TSLA,"Polestar Upgrades Model, Hits EV Production Milestone. Why Its Still Losing Ground to Tesla.",(Barrons.com),Aug-23-23,09:07AM
TSLA,15 Highest Paying Countries for Engineers,(Insider Monkey),Aug-23-23,09:07AM
TSLA,Tesla's German plant lowers production target amid slower output - Business Insider,(Reuters),Aug-23-23,09:07AM
TSLA,"Down 9% in the Past 5 Days, Is Now the Right Time to Buy Bitcoin?",(Motley Fool),Aug-23-23,09:07AM
TSLA,Tesla's German plant lowers production target amid slower output - Business Insider,(Reuters),Aug-23-23,09:07AM
TSLA,"Malaysia was so eager to get Elon Musk to invest in the country, it waived its decades-old policies for Tesla",(Fortune),Aug-23-23,09:07AM
TSLA,Buying These 2 Stocks Could Be the Smartest Investing Move You Ever Make,(Motley Fool),Aug-23-23,09:07AM
TSLA,Is Nvidia the New Tesla? Options Traders Place Their Bets,(The Wall Street Journal),Aug-23-23,09:07AM
TSLA,"How to Trade an Uncertain China: Buy Qualcomm Stock, Sell Tesla",(Barrons.com),Aug-23-23,09:07AM
TSLA,Graphite Wars: The Trillion Dollar Battery Race Has A Big Problem,(Oilprice.com),Aug-22-23,07:01PM
TSLA,"Car buyers feeling the pinch of higher prices, payments",(Yahoo Finance Video),Aug-22-23,07:01PM
TSLA,Hot new bad idea,(Financial Times),Aug-22-23,07:01PM
TSLA,Tesla Rebound Hits Resistance As Another Executive Steps Down,(Investor's Business Daily),Aug-22-23,07:01PM
TSLA,Tesla is testing a new feature that may be extremely helpful (especially in these areas),(TheStreet.com),Aug-22-23,07:01PM
TSLA,Tesla to lease huge warehouses in Kyle,(American City Business Journals),Aug-22-23,07:01PM
TSLA,Rishi Sunak to woo Elon Musk after Tesla billionaires meetings with Macron,(The Telegraph),Aug-22-23,07:01PM
TSLA,Today's EV Updates,(Benzinga),Aug-22-23,07:01PM
TSLA,Has Nvidia become the new Tesla for markets?,(Yahoo Finance Video),Aug-22-23,07:01PM
TSLA,"Tesla Stock Surges on Cybertruck Launch, Model 3 Refresh",(Zacks),Aug-22-23,07:01PM
TSLA,Tesla Stock Has Been Dead Money for Some Investors,(Barrons.com),Aug-22-23,07:01PM
TSLA,Elon Musk takes a jab at Tesla's competitors,(TheStreet.com),Aug-22-23,07:01PM
TSLA,Tesla Rebound Gathers Momentum After Q2 Selloff; Are China Concerns Overblown?,(Investor's Business Daily),Aug-22-23,07:01PM
TSLA,Texas Mandates Tesla's (TSLA) NACS Plugs for New Stations,(Zacks),Aug-22-23,07:01PM
TSLA,3 Catalysts to Take Tesla Stock to $300,(Motley Fool),Aug-22-23,07:01PM
TSLA,"Prediction: 3 Unstoppable Stocks Set to Join Apple, Microsoft, Amazon, Alphabet, and Nvidia in the $1 Trillion Club by 2030",(Motley Fool),Aug-22-23,07:01PM
TSLA,"Tesla Stock Snapped Its Losing Streak. These Catalysts Are Helping, Says Analyst.",(Barrons.com),Aug-21-23,04:39PM
TSLA,"S&P 500: Cybersecurity Giant Soars On Earnings; Tesla, Nvidia Are Big Winners",(Investor's Business Daily),Aug-21-23,04:39PM
TSLA,Stock Market Today: Tech Stocks Soar as Bargain Hunters Swoop In,(Kiplinger),Aug-21-23,04:39PM
TSLA,"Tesla Bounces Back As Cybertruck, New Model 3 Excitement Take Over; Is TSLA's Slide Over?",(Investor's Business Daily),Aug-21-23,04:39PM
TSLA,"Tesla stock rises, AMC's stock conversion: Trending stocks",(Yahoo Finance Video),Aug-21-23,04:39PM
TSLA,Tesla says two ex-employees behind May data breach,(Reuters),Aug-21-23,04:39PM
TSLA,Tesla facility in Baltimore County to lay off 55 workers,(American City Business Journals),Aug-21-23,04:39PM
TSLA,"Meta's Threads Prepares To Counter Elon Musk's X, Tesla Data Breach Affects Over 75K People, Medical Properties Trust's Prospect Medical Deal On Hold: Today's Top Stories",(Benzinga),Aug-21-23,04:39PM
TSLA,Electric vehicles hitting legislative speed bumps in several states,(TheStreet.com),Aug-21-23,04:39PM
TSLA,Why Tesla Stock Might Break Its Losing Streak Today,(Motley Fool),Aug-21-23,04:39PM
TSLA,Electric Pickups Are Upleveling The Power Of EVs,(Benzinga),Aug-21-23,04:39PM
TSLA,Is Tesla Inc (TSLA) Significantly Undervalued? A Comprehensive Valuation Analysis,(GuruFocus.com),Aug-21-23,04:39PM
TSLA,Why investors may not need to worry too much about China's economy,(Yahoo Finance Video),Aug-21-23,04:39PM
TSLA,How Kevin O'Leary's son talked him into buying Tesla stock,(TheStreet.com),Aug-21-23,04:39PM
TSLA,"Tesla Stock Is Set to Snap Its Losing Streak. These Catalysts Will Help, Says Analyst.",(Barrons.com),Aug-21-23,04:39PM
TSLA,"Tesla's Employee Data Leak, Full Self-Driving Problem and Using Siri for Car Commands: Top Stories For Elon Musk Led EV Company Today",(Benzinga),Aug-21-23,04:39PM
TSLA,"Investors Heavily Search Tesla, Inc. (TSLA): Here is What You Need to Know",(Zacks),Aug-21-23,04:39PM
TSLA,Global EV Market Share by Company: Top 15 Companies,(Insider Monkey),Aug-21-23,04:39PM
TSLA,9 Plunging Stocks Suffer 50% Of S&P 500's $2 Trillion Meltdown,(Investor's Business Daily),Aug-21-23,04:39PM
TSLA,"Down 21% in the Last Month, Is Tesla Stock a Buy Now?",(Motley Fool),Aug-21-23,04:39PM
TSLA,Shanghai free trade zone vows 2-hour approvals for 'high-growth' projects to woo foreign capital as China's inward investments slump,(South China Morning Post),Aug-21-23,04:39PM
TSLA,3 Stock-Split Stocks Billionaires Are Selling and the 1 Surprising Stock-Split Stock They're Piling Into,(Motley Fool),Aug-21-23,04:39PM
TSLA,"Palo Alto, Tesla, Nvidia rise premarket; Napco, Nikola fall",(Investing.com),Aug-21-23,04:39PM
TSLA,"Tesla Data Breach Blamed on Insider Wrongdoing Impacted 75,000",(Bloomberg),Aug-20-23,05:13PM
TSLA,Michael Burrys Top 10 Stock Picks For Q3,(Insider Monkey),Aug-20-23,05:13PM
TSLA,Texas mandates new EV charging stations use the Tesla NACS plug,(Autoblog),Aug-20-23,05:13PM
TSLA,Cathie Wood Just Sold Tesla and Shopify -- and Bought This Potentially Explosive Growth Stock,(Motley Fool),Aug-20-23,05:13PM
TSLA,Tesla continues waging price war; VinFast makes U.S. debut: This week in EVs,(Investing.com),Aug-20-23,05:13PM
TSLA,This week in tech: Analysts sweet on Nvidia; Tesla cuts prices again,(Investing.com),Aug-20-23,05:13PM
TSLA,"Tesla data breach affects 75,735 people, state attorney general announces",(Fox Business),Aug-19-23,12:48PM
TSLA,Good News for Tesla Investors. Bad News for Tesla Stock.,(Motley Fool),Aug-19-23,12:48PM
TSLA,2 Unstoppable Stocks That Could Join the $1 Trillion Club,(Motley Fool),Aug-19-23,12:48PM
TSLA,Elon Musks Latest Antics Have Some Asking: Is He Out of Touch?,(The Wall Street Journal),Aug-19-23,12:48PM
TSLA,Best Stocks to Buy: Tesla Stock vs. Ford Stock,(Motley Fool),Aug-19-23,12:48PM
TSLA,Tesla Stock Went Down Again for a New Reason. Heres Where Its Going.,(Barrons.com),Aug-18-23,05:17PM
TSLA,These Are The 5 Best EV Stocks To Buy And Watch Now,(Investor's Business Daily),Aug-18-23,05:17PM
TSLA,XPeng Stock Tumbles. Something Other Than Earnings Is Leading It Lower.,(Barrons.com),Aug-18-23,05:17PM
TSLA,Tesla proposes 3rd service and sales center in Miami-Dade,(American City Business Journals),Aug-18-23,05:17PM
TSLA,Tesla Stock Is Down Again for a New Reason. Heres Where Its Going.,(Barrons.com),Aug-18-23,05:17PM
TSLA,XPeng Succumbed To Tesla's Price War But Rising Deliveries Provide Hints Of Recovery,(Benzinga),Aug-18-23,05:17PM
TSLA,Is Tesla (TSLA) a Hidden Gem? A Deep Dive into its Valuation and Financial Health,(GuruFocus.com),Aug-18-23,05:17PM
TSLA,Elon Musk's SpaceX reportedly turned a profit in Q1,(Yahoo Finance Video),Aug-18-23,05:17PM
TSLA,Tesla (TSLA) Down 16.6% Since Last Earnings Report: Can It Rebound?,(Zacks),Aug-18-23,05:17PM
TSLA,Shares Of Chinese EV Maker Xpeng Slide on Earnings Loss,(Investopedia),Aug-18-23,05:17PM
TSLA,Stock Market Correction Takes Hold As Treasury Yields Hit 15-Year High: Weekly Review,(Investor's Business Daily),Aug-18-23,05:17PM
TSLA,Why your new electric car won't have a spare tire. And why you probably don't need one,(LA Times),Aug-18-23,05:17PM
TSLA,"Zacks Investment Ideas feature highlights: Chicago Mercantile Exchange, Nvidia, Microsoft and Tesla",(Zacks),Aug-18-23,05:17PM
TSLA,XPeng Stock Tumbles on Wider-Than-Expected Loss,(Barrons.com),Aug-18-23,05:17PM
TSLA,Bitcoin Could Fall Another 25%. Will Elon Musk and SpaceX Be to Blame?,(Barrons.com),Aug-18-23,05:17PM
TSLA,3 Hot Stocks That Could Live Up to Their Lofty Valuations,(Motley Fool),Aug-18-23,05:17PM
TSLA,Elon Musk Arrives in Japan for First Visit in Nine Years,(Bloomberg),Aug-17-23,11:35PM
TSLA,Bitcoin falls nearly 8% as cryptocurrency slide continues,(Financial Times),Aug-17-23,11:35PM
TSLA,Elon Musk Says One Of The Most Difficult Choices He Ever Had To Make Was When He Had 'Just $30 Million Left',(Benzinga),Aug-17-23,11:35PM
TSLA,XPengs Earnings Should Be Wild. Theyll Matter for Tesla.,(Barrons.com),Aug-17-23,11:35PM
TSLA,Tesla Logged Another EV Charging Win in Texas. The Stock Didnt Go Up.,(Barrons.com),Aug-17-23,11:35PM
TSLA,VinFast Stock Falls for Second Day; Chinese EV Shares Rise,(The Wall Street Journal),Aug-17-23,11:35PM
TSLA,Tesla warns Core Lithium of potential lawsuit over failed deal,(Reuters),Aug-17-23,11:35PM
TSLA,"Blue Shield of California Ends CVS Caremark Partnership, Google's Verily Life Sciences Intensifies Cost-Cutting, Tesla's Autopilot Under Fire Again: Today's Top Stories",(Benzinga),Aug-17-23,11:35PM
TSLA,Is Rivian Stock A Buy Or A Sell With Tesla Launching Cheaper Model S and Model X?,(Investor's Business Daily),Aug-17-23,11:35PM
TSLA,Why earnings beats haven't been good enough for investors,(Yahoo Finance Video),Aug-17-23,11:35PM
TSLA,Tesla employees discuss what they call the brutal reality of working for Elon Musk,(TheStreet.com),Aug-17-23,11:35PM
TSLA,Is Tesla Stock A Buy Or A Sell With This Analyst Saying TSLA Is A 'Table Pounder'?,(Investor's Business Daily),Aug-17-23,11:35PM
TSLA,Tesla Cuts Prices in China as Price-War Truce Fails,(The Wall Street Journal),Aug-17-23,11:35PM
TSLA,Tesla Stock Is Up. It Logged Another EV Charging Win in Texas.,(Barrons.com),Aug-17-23,11:35PM
TSLA,Tesla Warns Miner of Possible Legal Claim on Failed Supply Talks,(Bloomberg),Aug-17-23,11:35PM
TSLA,Tesla's Charging Deal Isn't as Good as It Seems,(Motley Fool),Aug-17-23,11:35PM
TSLA,"2 Artificial Intelligence (AI) Stocks Billionaires Are Aggressively Selling, and 1 AI Leader They Can't Stop Buying",(Motley Fool),Aug-17-23,11:35PM
TSLA,EV Maker VinFast Bags Huge Valuation in SPAC-Mania Redux,(Motley Fool),Aug-16-23,08:00PM
TSLA,"EV Startup VinFasts Market Debut Pushes Value Higher Than GM, Ford",(The Wall Street Journal),Aug-16-23,08:00PM
TSLA,Elon Musk says SpaceX using Starlink to aid Maui wildfire recovery,(Fox Business),Aug-16-23,08:00PM
TSLA,Ford CEO Jim Farley Test Drives an F-150 Lightning and Sees a Problem,(Observer),Aug-16-23,08:00PM
TSLA,NYC To Boston After 10-Minute Charge? Tesla Supplier Launches New Battery,(Investor's Business Daily),Aug-16-23,08:00PM
TSLA,Tesla Extends Slide On Latest China EV Price War Offensive; Cathie Wood Keeps Selling TSLA,(Investor's Business Daily),Aug-16-23,08:00PM
TSLA,Mark Cuban takes another jab at Elon Musk' s business practices,(TheStreet.com),Aug-16-23,08:00PM
TSLA,"Tesla cuts Model S, Model X prices in China",(Yahoo Finance Video),Aug-16-23,08:00PM
NIO,Graphite Wars: The Trillion Dollar Battery Race Has A Big Problem,(Oilprice.com),Aug-22-23,07:01PM
NIO,Global EV Market Share by Company: Top 15 Companies,(Insider Monkey),Aug-21-23,08:49AM
NIO,NIO Inc. (NIO) Gains As Market Dips: What You Should Know,(Zacks),Aug-17-23,05:45PM
NIO,VinFast Stock Falls for Second Day; Chinese EV Shares Rise,(The Wall Street Journal),Aug-17-23,05:45PM
NIO,VinFast Stock Plunges After EV Maker's Blockbuster Nasdaq Debut,(The Wall Street Journal),Aug-16-23,09:52AM
NIO,"NIO Inc. to Report Second Quarter 2023 Financial Results on Tuesday, August 29, 2023",(GlobeNewswire),Aug-16-23,09:52AM
NIO,Investors Heavily Search NIO Inc. (NIO): Here is What You Need to Know,(Zacks),Aug-15-23,01:43PM
NIO,The 3 Most Undervalued EV Stocks to Buy Now: August 2023,(InvestorPlace),Aug-15-23,01:43PM
NIO,"Tesla Stock Falls After China Price Cuts, Local EV Rivals Also Drop",(The Wall Street Journal),Aug-14-23,12:55PM
NIO,Tesla stock falls after slashing some Model Y prices in China,(Yahoo Finance Video),Aug-14-23,12:55PM
NIO,"Tesla Stock Falls on China Price Cuts, Local EV Rivals Also Drop",(The Wall Street Journal),Aug-14-23,12:55PM
NIO,NIO Inc. (NIO) Stock Sinks As Market Gains: What You Should Know,(Zacks),Aug-10-23,05:45PM
NIO,NIO Stock Revival? Why This EV Giant May Still Be Revving Up.,(InvestorPlace),Aug-10-23,05:45PM
NIO,U.S. judge greenlights Nio investor class action over factory claims,(Reuters),Aug-09-23,11:58AM
NIO,"Nio: Buy, Sell, or Hold?",(Motley Fool),Aug-08-23,07:30AM
NIO,"Reaching The Finish Line Of The EV Race Is A Daunting Task, One That Some Won't Be Able To Accomplish",(Benzinga),Aug-07-23,05:08PM
NIO,"Chinese Maker of 1,000 Kilometer EV Battery Plans IPO by 2025",(Bloomberg),Aug-06-23,06:00PM
NIO,A $15 Billion Electric Vehicle Niche Is Flying Under Wall Streets Radar,(Oilprice.com),Aug-02-23,07:00PM
NIO,Better Chinese Growth Stock: Nio vs. Bilibili,(Motley Fool),Aug-02-23,07:00PM
NIO,"NIO Inc. Announces that Deliveries in July 2023 Reached 20,462 Vehicles",(GlobeNewswire),Aug-01-23,05:30AM
NIO,Nio Hits the Accelerator: Can The Stock Make a Long Distance Trip?,(TheStreet.com),Jul-31-23,02:24PM
NIO,Why Nio Stock Is Accelerating Higher Today,(Motley Fool),Jul-28-23,02:38PM
NIO,"Why Nio and QuantumScape Shares Soared, but Canoo Dropped This Week",(Motley Fool),Jul-27-23,02:19PM
NIO,"Hey, NIO Investors! This EV Stock Has Trouble Written All Over It.",(InvestorPlace),Jul-27-23,02:19PM
NIO,"Why Shares of Rivian, Lucid, and Nio Popped Today",(Motley Fool),Jul-26-23,02:46PM
NIO,3 EV Stocks to Buy Before the Breakout,(InvestorPlace),Jul-26-23,02:46PM
NIO,Dont Read Too Much Into the Latest NIO Stock News,(InvestorPlace),Jul-26-23,02:46PM
NIO,3 Under-The-Radar EV Stocks For A Summer Of Disruption,(Oilprice.com),Jul-25-23,07:00PM
NIO,Here is What to Know Beyond Why NIO Inc. (NIO) is a Trending Stock,(Zacks),Jul-25-23,07:00PM
NIO,10 Sustainable Investing Stocks Billionaires Are Loading Up On,(Insider Monkey),Jul-24-23,08:30PM
NIO,Analyst Report: NIO Inc.,(Morningstar Research),Jul-24-23,08:30PM
NIO,Why Nio Stock Is Racing Higher Today,(Motley Fool),Jul-24-23,08:30PM
NIO,Keep NIO Stock on Your Watch List But Dont Buy Yet,(InvestorPlace),Jul-24-23,08:30PM
NIO,3 EV Stocks That Are Screaming Buys Right Now: July 2023,(InvestorPlace),Jul-21-23,10:00PM
NIO,"Tesla stock is worth only $85 after gross margin whiff, analyst says: Wall Street reacts",(Yahoo Finance),Jul-20-23,04:55AM
NIO,Here's 1 Thing Smart Investors Know About Nio Stock,(Motley Fool),Jul-20-23,04:55AM
NIO,"Hey, NIO Stock Investors! Why Now Is the Time to Lock in Some Gains.",(InvestorPlace),Jul-19-23,06:36AM
NIO,GreenPower Motor Company Inc. (GP) Surges 10.4%: Is This an Indication of Further Gains?,(Zacks),Jul-19-23,06:36AM
NIO,NIO Inc. (NIO) Gains But Lags Market: What You Should Know,(Zacks),Jul-17-23,05:45PM
NIO,"NIO Inc.'s (NYSE:NIO) top owners are retail investors with 50% stake, while 33% is held by institutions",(Simply Wall St.),Jul-17-23,05:45PM
NIO,Ray Dalios China Stocks,(Insider Monkey),Jul-14-23,09:58AM
NIO,Nio Stock Bulls are in for a Rude Awakening,(InvestorPlace),Jul-14-23,09:58AM
NIO,Huge News for Tesla Stock and Nio Stock Investors,(Motley Fool),Jul-14-23,09:58AM
NIO,Can Nio Stock Break Out After a Flat First Half of 2023?,(Motley Fool),Jul-13-23,10:11AM
NIO,NIOs Unlikely Ally: How Tesla Could Turn the Tables for NIO Stock,(InvestorPlace),Jul-13-23,10:11AM
NIO,Is Trending Stock NIO Inc. (NIO) a Buy Now?,(Zacks),Jul-12-23,09:00AM
NIO,NIO Inc. Announces Closing of Strategic Equity Investment from CYVN,(GlobeNewswire),Jul-12-23,09:00AM
NIO,EV Penny Stocks List: From $10 to Under $1,(Insider Monkey),Jul-11-23,10:25AM
NIO,"EV Roundup: NKLA Gets $41.9M Fund, BLNK Partners With AAA & More",(Zacks),Jul-11-23,10:25AM
NIO,Why Nio Could Be the Best Way to Play the Long-Term EV Boom,(InvestorPlace),Jul-10-23,10:01AM
NIO,7 Stocks to Sell in July Before They Crash and Burn,(InvestorPlace),Jul-10-23,10:01AM
NIO,Great News for Tesla Stock and Nio Stock Investors,(Motley Fool),Jul-09-23,05:00AM
NIO,Huge News for Nio Stock Investors!,(Motley Fool),Jul-07-23,05:28PM
NIO,"Up 29% in June, Nio Stock Looks Ready for a Bull Run",(Motley Fool),Jul-07-23,05:28PM
NIO,EV market: Tesla agrees to fair pricing in China,(Yahoo Finance Video),Jul-06-23,11:30AM
NIO,Tesla Joins Chinese Carmakers in Pledge to End EV Price War,(The Wall Street Journal),Jul-06-23,11:30AM
NIO,3 EV Stocks That AI Predicts Will Deliver Triple-Digit Returns in 2023,(InvestorPlace),Jul-05-23,08:52AM
NIO,"Nio's Business Bounces Back, but There's a Better Way to Play Chinese EV Stocks",(Motley Fool),Jul-05-23,08:52AM
NIO,"NIO, XPeng (XPEV) & LI Auto (LI) Post June, Q2 Delivery Updates",(Zacks),Jul-03-23,11:00AM
NIO,Tesla Stock Jumps After Price-Cut Strategy Juices Deliveries; EV Makers Rally,(The Wall Street Journal),Jul-03-23,11:00AM
NIO,"Stocks to Watch Monday: Tesla, Apple, Nio, AstraZeneca",(The Wall Street Journal),Jul-03-23,11:00AM
NIO,NIO Inc. Provides June and Second Quarter 2023 Delivery Update,(GlobeNewswire),Jul-01-23,05:30AM
NIO,XPeng stock pops after Chinese EV maker prices SUV below Tesla Model Y,(Yahoo Finance),Jun-30-23,11:17AM
NIO,Why Nio Shares Are Jumping This Week,(Motley Fool),Jun-30-23,11:17AM
NIO,Ignore NIO Stocks Big News. There Is Disappointment Ahead.,(InvestorPlace),Jun-30-23,11:17AM
NIO,Dont Fall for It! 7 Overhyped EV Stocks to Avoid,(InvestorPlace),Jun-29-23,06:00AM
NIO,Why Abu Dhabis Bet on NIO Stock Is a Case of Color-Blind Optimism,(InvestorPlace),Jun-28-23,02:07PM
NIO,Is Most-Watched Stock NIO Inc. (NIO) Worth Betting on Now?,(Zacks),Jun-28-23,02:07PM
NIO,Why Nio Stock Raced Higher Today,(Motley Fool),Jun-27-23,04:11PM
NIO,"EV Roundup: NIO Raises More Than $700M, RIVN to Ride TSLA's NACS Wave & More",(Zacks),Jun-27-23,04:11PM
NIO,Is Nio Stock Following in Tesla's Footsteps?,(Motley Fool),Jun-27-23,04:11PM
NIO,3 Stocks Under $10 That Can Skyrocket by 2025,(InvestorPlace),Jun-27-23,04:11PM
NIO,"Watch Out, NIO Stock Investors! There Is Stormy Weather Ahead",(InvestorPlace),Jun-26-23,07:00AM
NIO,Chinas Tesla Killer Stumbles as EV Price War Takes Toll,(The Wall Street Journal),Jun-26-23,07:00AM
NIO,This Big Investor Is Making a Massive Mistake With NIO Stock,(InvestorPlace),Jun-24-23,10:24AM
NIO,"The Zacks Analyst Blog Highlights Tesla, Li Auto, NIO and XPeng",(Zacks),Jun-23-23,05:00AM
NIO,Beyond Tesla: 3 EV Stocks Offering Greater Long-Term Returns,(InvestorPlace),Jun-22-23,03:07PM
NIO,NIO's Global Expansion Plan Gets a $738.5M Boost From UAE,(Zacks),Jun-21-23,09:31AM
NIO,Analyst Report: NIO Inc.,(Morningstar Research),Jun-21-23,09:31AM
NIO,Abu Dhabi to Take 7% Stake in Chinese Electric Vehicle Maker Nio,(Bloomberg),Jun-20-23,11:22AM
NIO,China's Nio to get near $740 million investment from Abu Dhabi-backed firm,(Reuters),Jun-20-23,11:22AM
NIO,UPDATE 1-China's Nio to get near $740 mln investment from Abu Dhabi-backed firm,(Reuters),Jun-20-23,11:22AM
NIO,China's Nio to get over $730 mln investment from Abu Dhabi-backed firm,(Reuters),Jun-20-23,11:22AM
NIO,NIO Inc. Announces Strategic Equity Investment from CYVN Holdings,(GlobeNewswire),Jun-20-23,11:22AM
NIO,2 Green Flags for Nio Stock in 2023 (and Beyond),(Motley Fool),Jun-19-23,11:42AM
NIO,"EV Roundup: TSLA's NACS Wave, NKLA's Cost Optimization Drive & More",(Zacks),Jun-19-23,11:42AM
NIO,Why Is Everyone Talking About Nio Stock?,(Motley Fool),Jun-18-23,06:06AM
NIO,Better EV Stock: NIO vs. ChargePoint,(Motley Fool),Jun-18-23,06:06AM
NIO,NIO Stock Continues to Gain Momentum. Here's What Investors Should Know,(Motley Fool),Jun-16-23,10:00AM
NIO,Why Nikola and Other EV Stocks Soared This Week,(Motley Fool),Jun-15-23,01:07PM
NIO,What's Going on With Nio Stock?,(Motley Fool),Jun-14-23,04:51PM
NIO,EV stocks join AI names in leading the stock market rally,(Yahoo Finance),Jun-14-23,04:51PM
NIO,Nio Succumbs To Tesla's Price War,(Benzinga),Jun-13-23,02:17PM
NIO,"NIO Slashes Prices of All Models, Ends Free Battery Swapping",(Zacks),Jun-13-23,02:17PM
NIO,"EV Roundup: GM-TSLA Charging Deal, BWA's ""Charging Forward: 2027"" & More",(Zacks),Jun-13-23,02:17PM
NIO,Best Stocks to Buy Now: Is Nio Stock a Buy After Earnings?,(Motley Fool),Jun-12-23,04:57PM
NIO,Options Traders Score Cheap Premium After Nio Earnings,(Schaeffer's Investment Research),Jun-12-23,04:57PM
NIO,"NIO Q1 Loss Wider Than Expected, Vehicle Margin Declines",(Zacks),Jun-12-23,04:57PM
NIO,Why Nio Stock Shot Higher Today,(Motley Fool),Jun-12-23,04:57PM
NIO,"Chinese EV stocks XPeng, Nio surge after higher than expected pre-orders",(Yahoo Finance Video),Jun-12-23,04:57PM
LI,XPeng Succumbed To Tesla's Price War But Rising Deliveries Provide Hints Of Recovery,(Benzinga),Aug-18-23,12:37PM
LI,VinFast Stock Falls for Second Day; Chinese EV Shares Rise,(The Wall Street Journal),Aug-17-23,01:33PM
LI,VinFast Stock Plunges After EV Maker's Blockbuster Nasdaq Debut,(The Wall Street Journal),Aug-16-23,01:37PM
LI,The 3 Most Undervalued EV Stocks to Buy Now: August 2023,(InvestorPlace),Aug-15-23,07:00AM
LI,Best Stocks to Buy Now: Rivian vs. Nio vs. Li vs. XPeng,(Motley Fool),Aug-15-23,07:00AM
LI,Li Auto Alert: Buy LI Stock Today or Regret It Down the Road,(InvestorPlace),Aug-14-23,12:39PM
LI,7 Great Growth Stocks Smart Investors Should Be Grabbing Up Now,(InvestorPlace),Aug-14-23,12:39PM
LI,LI Stock Analysis: What the Market Is Telling Us About Li Auto,(InvestorPlace),Aug-13-23,06:30AM
LI,Li Auto Inc. (NASDAQ:LI) Q2 2023 Earnings Call Transcript,(Insider Monkey),Aug-12-23,08:00AM
LI,Today's News From The EV Land,(Benzinga),Aug-10-23,11:55AM
LI,"Buy Li Auto Stock, Sell XPeng. China EV Earnings Matter.",(Barrons.com),Aug-10-23,11:55AM
LI,Analyst Report: Li Auto Inc.,(Morningstar Research),Aug-09-23,06:47AM
LI,Need To Know: Analysts Are Much More Bullish On Li Auto Inc. (NASDAQ:LI),(Simply Wall St.),Aug-09-23,06:47AM
LI,"China's Li Auto aims to outsell BMW, Mercedes, Audi in its home market in 2024",(Reuters),Aug-08-23,11:30PM
LI,"China's Li Auto aims to outsell BMW, Mercedes, Audi in its home market in 2024",(Reuters),Aug-08-23,11:30PM
LI,"Li Auto Earnings Boom. Tesla Rival Sinks Despite Strong Outlook, Mega Update.",(Investor's Business Daily),Aug-08-23,11:30PM
LI,Why Did Li Auto Stock Crash Today?,(Motley Fool),Aug-08-23,11:30PM
LI,Li Auto (LI) Q2 2023 Earnings Call Transcript,(Motley Fool),Aug-08-23,11:30PM
LI,Li Is More Profitable Than Tesla. Its Stock Is Tanking.,(Barrons.com),Aug-08-23,11:30PM
LI,"Li Auto Earnings Boom, Delivery Guidance Strong, But Tesla Rival Backs Off Record High",(Investor's Business Daily),Aug-08-23,11:30PM
LI,Tesla Is Now Less Profitable Than This Chinese EV Maker,(Barrons.com),Aug-08-23,11:30PM
LI,"Li Auto Swings to Profit, Sees Deliveries Rising. The Stock Is Dropping.",(Barrons.com),Aug-08-23,11:30PM
LI,Li Auto Inc. Announces Unaudited Second Quarter 2023 Financial Results,(GlobeNewswire),Aug-08-23,11:30PM
LI,Li Auto Earnings Are Coming. Watch for Delivery Guidance.,(Barrons.com),Aug-07-23,04:54PM
LI,"Li Auto Stock On Cusp Of Record High, Tesla Rival Eyes First $3 Billion Quarter",(Investor's Business Daily),Aug-07-23,04:54PM
LI,"EVgo Charging Network Sees Revenue Soar, Uplifted By Project Tied To Warren Buffett",(Investor's Business Daily),Aug-04-23,04:07PM
LI,"EV Charging Network EVgo Sees Revenue Soar, Uplifted By Project Tied To Warren Buffett",(Investor's Business Daily),Aug-03-23,03:45PM
LI,EV Charging Stock Soars On Earnings. IBD 50 Leader Hits Fresh High.,(Investor's Business Daily),Aug-03-23,03:45PM
LI,A $15 Billion Electric Vehicle Niche Is Flying Under Wall Streets Radar,(Oilprice.com),Aug-02-23,07:00PM
LI,"Li Auto Pops To High On Robust Sales, But Nio May Have Edge Ahead",(Investor's Business Daily),Aug-01-23,04:07PM
LI,Tesla's China Rivals Post Robust Deliveries. This EV Stock Hits New High.,(Investor's Business Daily),Aug-01-23,04:07PM
LI,"NIO, Li, and XPeng Post Huge Deliveries Numbers. Thats Good for Tesla Stock.",(Barrons.com),Aug-01-23,04:07PM
LI,Tesla's China Rivals Amp Up EV Deliveries. Two Stocks Double This Year.,(Investor's Business Daily),Aug-01-23,04:07PM
LI,"LI Stock Investors, Take Note: What to Watch for on August 8",(InvestorPlace),Aug-01-23,04:07PM
LI,"Huge Delivery Numbers From, NIO, Li, and XPeng Are Good for Tesla Stock",(Barrons.com),Aug-01-23,04:07PM
LI,Li Auto Inc. July 2023 Delivery Update,(GlobeNewswire),Aug-01-23,04:07PM
LI,These 3 EV Stocks Could Outperform All Others in 2024,(InvestorPlace),Jul-31-23,03:06PM
LI,"Tesla's China Rivals Nio, Li Auto, XPeng Amp Up Their EV Game. Two Stocks Double This Year.",(Investor's Business Daily),Jul-31-23,03:06PM
LI,"Li Auto (NASDAQ:LI) delivers shareholders solid 38% CAGR over 3 years, surging 12% in the last week alone",(Simply Wall St.),Jul-31-23,03:06PM
LI,Analyst Report: Li Auto Inc.,(Morningstar Research),Jul-28-23,06:48PM
LI,10 Best Small Cap Electric Vehicle Stocks to Buy,(Insider Monkey),Jul-28-23,06:48PM
LI,7 EV Stocks You Better Be Buying on Each and Every Dip,(InvestorPlace),Jul-27-23,06:18PM
LI,"Li Auto Inc. to Report Second Quarter 2023 Financial Results on August 8, 2023",(GlobeNewswire),Jul-27-23,06:18PM
LI,2 EV Stocks Gaining Momentum This Year,(GuruFocus.com),Jul-26-23,01:16PM
LI,3 EV Stocks to Power Up Your Portfolio for the Next 5 Years,(InvestorPlace),Jul-25-23,03:53PM
LI,Warning: Toyota Poses a Big Threat to Li Auto Stock,(InvestorPlace),Jul-25-23,03:53PM
LI,3 Overvalued Stocks to Sell Before They Crater,(InvestorPlace),Jul-24-23,04:45PM
LI,Is CarGurus (CARG) Outperforming Other Auto-Tires-Trucks Stocks This Year?,(Zacks),Jul-24-23,04:45PM
LI,The Great LI Auto Gamble: Is It Time to Double Down or Cash Out?,(InvestorPlace),Jul-21-23,06:20AM
LI,Li Auto Inc. Sponsored ADR (LI) Gains As Market Dips: What You Should Know,(Zacks),Jul-20-23,05:45PM
LI,"BYD, Li Auto Smash Foreign Rivals During Price War",(Bloomberg),Jul-20-23,05:45PM
LI,11 Cheap Chinese Stocks to Buy According to Analysts,(Insider Monkey),Jul-20-23,05:45PM
LI,"3 EV Stocks to Buy to Turn $1,000 Into $1 Million",(InvestorPlace),Jul-19-23,01:34PM
LI,The 3 Most Undervalued EV Stocks to Buy Now: July 2023,(InvestorPlace),Jul-19-23,01:34PM
LI,Forget Tesla: These 3 EV Stocks Could Be Better Bets Right Now,(InvestorPlace),Jul-18-23,04:09PM
LI,LI Stock Outlook: Can Chinas Middle Class Afford This New Minivan?,(InvestorPlace),Jul-18-23,04:09PM
LI,Best EV Stocks: Nio vs. XPeng vs. Li Auto,(Motley Fool),Jul-17-23,07:03PM
LI,Li Auto Inc. Sponsored ADR (LI) Dips More Than Broader Markets: What You Should Know,(Zacks),Jul-14-23,05:45PM
LI,Ray Dalios China Stocks,(Insider Monkey),Jul-14-23,05:45PM
LI,Chinese Tesla rival Nio hits out against US protectionism,(Financial Times),Jul-13-23,05:10AM
LI,Nio Stock Eyes Return To Glory. Its EV Sales Are Set To Accelerate.,(Investor's Business Daily),Jul-12-23,04:15PM
LI,"3 EV Stocks Worth Buying Now: BYD, TSLA, LI",(InvestorPlace),Jul-12-23,04:15PM
LI,Li Auto Outlook: Is It Time to Pump the Brakes on LI Stock?,(InvestorPlace),Jul-12-23,04:15PM
LI,Why These 3 Stocks Are the Best Ways to Play EV Right Now,(InvestorPlace),Jul-12-23,04:15PM
LI,Wall Street Analysts See Li Auto Inc. Sponsored ADR (LI) as a Buy: Should You Invest?,(Zacks),Jul-11-23,09:30AM
LI,LI Stock Prediction: Li Auto Will Be a Vehicle for Profits in H2 2023,(InvestorPlace),Jul-11-23,09:30AM
LI,Tesla Rivals Lead 9 Stocks With Strong Earnings Growth Seen Through Next Year,(Investor's Business Daily),Jul-10-23,06:30PM
LI,BMW (BMWYY) Launches Low-Cost Electric CE 02 Motorcycle,(Zacks),Jul-10-23,06:30PM
LI,Tesla (TSLA) Offers Cash Discount on Model 3/Y to Boost Sales,(Zacks),Jul-10-23,06:30PM
LI,3 Tech Stocks With More Potential Than Any Cryptocurrency,(Motley Fool),Jul-09-23,05:20AM
LI,Li Auto Inc. Sponsored ADR (LI) Stock Moves -0.76%: What You Should Know,(Zacks),Jul-06-23,06:15PM
LI,The 7 Best EV Stocks to Buy in July,(InvestorPlace),Jul-06-23,06:15PM
LI,General Motors (GM) Second Quarter Sales Increase 19% Y/Y,(Zacks),Jul-06-23,06:15PM
LI,Outpacing Tesla? Why Li Auto Stock Should Be on Your Radar.,(InvestorPlace),Jul-06-23,06:15PM
LI,"Goodbye, Volkswagen: Chinas New EV Winners",(The Wall Street Journal),Jul-06-23,06:15PM
LI,"Rivian (RIVN) Delivers 12,640 Vehicles in Q2, Up 59% Q/Q",(Zacks),Jul-05-23,11:23AM
LI,These 3 Stocks Could be the Best Growth Picks Right Now,(InvestorPlace),Jul-03-23,04:55PM
LI,"China EV Sales Improve For Nio And Xpeng, While BYD And Li Auto Boom And Hit Milestones",(Investor's Business Daily),Jul-03-23,04:55PM
LI,The No. 1 Stocks From 2023's Hottest Industry Groups Don't Include Tesla Or Nvidia,(Investor's Business Daily),Jul-03-23,04:55PM
LI,"NIO, XPeng (XPEV) & LI Auto (LI) Post June, Q2 Delivery Updates",(Zacks),Jul-03-23,04:55PM
LI,"Li Auto, XPeng, and NIO Post EV Delivery Record in June. One Had an Incredible Month.",(Barrons.com),Jul-03-23,04:55PM
LI,"BYD Beat Tesla in China Again. This Is a Two-Horse Race, Though.",(Barrons.com),Jul-03-23,04:55PM
LI,Tesla Leads EV Stocks Higher as Deliveries Surge Across the Industry,(Motley Fool),Jul-03-23,04:55PM
LI,"China EV Sales: Li Auto Has Milestone Quarter As BYD, Nio, Xpeng Deliveries Pick Up In June",(Investor's Business Daily),Jul-03-23,04:55PM
LI,Chinese EV stocks rally after June deliveries surge,(Investing.com),Jul-02-23,10:04PM
LI,"China EV Sales: Li Auto's Milestone Quarter As Nio, Xpeng Deliveries Pick Up In June",(Investor's Business Daily),Jul-01-23,08:29AM
LI,Li Auto Inc. June 2023 Delivery Update,(GlobeNewswire),Jun-30-23,10:40PM
LI,XPeng stock pops after Chinese EV maker prices SUV below Tesla Model Y,(Yahoo Finance),Jun-30-23,10:40PM
LI,"China EV Sales: Li Auto Eyes Big Quarter; Nio Cut Prices; XPeng G6, Cheaper Than Tesla Model Y, Launches",(Investor's Business Daily),Jun-29-23,04:54PM
LI,Blink (BLNK) to Add NACS Connectors Into Entire Product Line,(Zacks),Jun-29-23,04:54PM
LI,Li Auto Inc. Sponsored ADR (LI) Gains As Market Dips: What You Should Know,(Zacks),Jun-28-23,06:15PM
LI,Tesla (TSLA) NACS Connector to Become a Charging Standard,(Zacks),Jun-28-23,06:15PM
LI,Workhorse (WKHS) Commences Production of W750 Electric Van,(Zacks),Jun-28-23,06:15PM
LI,Ford (F) to Reduce Headcount in the United States and Canada,(Zacks),Jun-27-23,11:04AM
LI,Honda (HMC) Recalls 1.2M Vehicles to Address Rear Camera Issue,(Zacks),Jun-26-23,11:07AM
LI,Stellantis (STLA) & Archer Partnership Moves to Execution Phase,(Zacks),Jun-26-23,11:07AM
LI,"The Zacks Analyst Blog Highlights Tesla, Li Auto, NIO and XPeng",(Zacks),Jun-23-23,05:00AM
LI,3 Stocks to Watch as China Extends EV Tax Exemption,(Zacks),Jun-22-23,10:07AM
LI,The Best EV Stock to Buy Right Now? Li Auto. Heres Why.,(InvestorPlace),Jun-22-23,10:07AM
LI,The Silent Dragon: Why Li Auto Is Chinas Hidden EV Gem,(InvestorPlace),Jun-22-23,10:07AM
RIVN,VinFast Stock Soars 109%. Its a Head-Scratcher.,(Barrons.com),Aug-22-23,05:21PM
RIVN,EV Stock VinFast Is Soaring Again. It Makes No Sense.,(Barrons.com),Aug-22-23,05:21PM
RIVN,Rivian's Little-Known Competitive Advantage,(Motley Fool),Aug-22-23,05:21PM
RIVN,Electric Pickups Are Upleveling The Power Of EVs,(Benzinga),Aug-21-23,11:52AM
RIVN,Rivian Is Making Huge Strides Toward Profitability,(Motley Fool),Aug-21-23,11:52AM
RIVN,What Makes Rivian Automotive (RIVN) a Prospective Investment?,(Insider Monkey),Aug-21-23,11:52AM
RIVN,Is Rivian Stock a Buy?,(Motley Fool),Aug-20-23,06:27AM
RIVN,Rivian Is Walking a Tightrope,(Motley Fool),Aug-19-23,07:15AM
RIVN,1 Green Flag for Rivian Stock Investors,(Motley Fool),Aug-19-23,07:15AM
RIVN,EVgo (EVGO) Adds Rivian's R1T and R1S Models to Autocharge+,(Zacks),Aug-17-23,12:31PM
RIVN,Is Rivian Stock A Buy Or A Sell With Tesla Launching Cheaper Model S and Model X?,(Investor's Business Daily),Aug-17-23,12:31PM
RIVN,Great News for Rivian Stock Investors,(Motley Fool),Aug-17-23,12:31PM
RIVN,A New EV Company Has Gone Public. Its Stock Is Worth More Than Fords.,(Barrons.com),Aug-15-23,04:16PM
RIVN,Wall Street Analysts See Rivian Automotive (RIVN) as a Buy: Should You Invest?,(Zacks),Aug-15-23,04:16PM
RIVN,"Why Canoo, Lucid, and Rivian Stocks All Just Dropped",(Motley Fool),Aug-15-23,04:16PM
RIVN,Rivian Just Had a Great Quarter. It's Still Not a Buy.,(Motley Fool),Aug-15-23,04:16PM
RIVN,A New EV Company Starts Trading Today. Its Stock Is Worth More Than Rivian.,(Barrons.com),Aug-15-23,04:16PM
RIVN,What Rivian's Latest Improvements Really Mean For the Stock,(Motley Fool),Aug-15-23,04:16PM
RIVN,"EVgo Adds Rivian to Autocharge+, Welcoming the R1S and R1T to the Growing List of Eligible Models",(Business Wire),Aug-15-23,04:16PM
RIVN,Best Stocks to Buy Now: Rivian vs. Nio vs. Li vs. XPeng,(Motley Fool),Aug-15-23,04:16PM
RIVN,Tesla stock falls after slashing some Model Y prices in China,(Yahoo Finance Video),Aug-14-23,09:55AM
RIVN,3 Key Things From Rivian's Earnings Call Investors Should Know,(Motley Fool),Aug-14-23,09:55AM
RIVN,Why Rivian Is a No-Brainer Growth Stock,(Motley Fool),Aug-13-23,08:45AM
RIVN,Can You Still Buy the Nasdaq's Best-Performing July Stocks?,(Motley Fool),Aug-13-23,08:45AM
RIVN,3 Top Electric Vehicle (EV) News Stories of the Week,(Motley Fool),Aug-12-23,11:25AM
RIVN,Should You Buy Rivian Stock on the Dip?,(Motley Fool),Aug-12-23,11:25AM
RIVN,"Buy Rivian Stock, Sell Lucid, Says Broker. Both Stocks Are Down.",(Barrons.com),Aug-11-23,12:57PM
RIVN,"Rivian's (RIVN) Q2 Loss Narrower-Than-Expected, Sales Rise Y/Y",(Zacks),Aug-11-23,12:57PM
RIVN,Rivian Seems To Have Resolved Its Biggest Money-Draining Issues,(Benzinga),Aug-11-23,12:57PM
RIVN,Why Rivian Stock Is Tumbling This Week,(Motley Fool),Aug-11-23,12:57PM
RIVN,Tech companies keep cutting their capex  and Wall Street loves it,(Yahoo Finance),Aug-11-23,12:57PM
RIVN,"Twilio upgraded, Sealed Air downgraded: Wall Street's top analyst calls",(The Fly),Aug-11-23,12:57PM
RIVN,"Midday movers: Six Flags Entertainment, Cano Health, UBS and more",(Investing.com),Aug-11-23,12:57PM
RIVN,"4 big analyst picks: Rivian raised to Outperform, price target lifted to $30",(Investing.com),Aug-11-23,12:57PM
RIVN,Rivian CEO Opens Up About EV Charging Deal With Tesla,(Observer),Aug-10-23,02:41PM
RIVN,"Rebel's Edge - August 10: $DIS, $RIVN, $WYNN, and Trevor Lawrence",(TheStreet.com),Aug-10-23,02:41PM
RIVN,Is Rivian Automotive Stock a Buy Now?,(Motley Fool),Aug-10-23,02:41PM
RIVN,"Rivian Stock: EV Automaker Lifts Production Forecast, Beats Earnings Estimates",(Investor's Business Daily),Aug-09-23,04:51PM
RIVN,Rivian on track to exceed its 2023 production forecast for electric trucks,(American City Business Journals),Aug-09-23,04:51PM
RIVN,"These Stocks Moved the Most Today: Roblox, Upstart, DraftKings, Nvidia, and More",(Barrons.com),Aug-09-23,04:51PM
RIVN,Why Electric Vehicle Stocks Like Lucid and Canoo Were Sinking Today,(Motley Fool),Aug-09-23,04:51PM
RIVN,"Roblox, Nvidia, Rivian: Top Stocks",(Yahoo Finance Video),Aug-09-23,04:51PM
RIVN,"Cadillac's Escalade IQ EV debuts with 450-mile range, $130K price tag",(Yahoo Finance),Aug-09-23,04:51PM
RIVN,Why Rivian Plunged Today,(Motley Fool),Aug-09-23,04:51PM
RIVN,Rivian Reduces Per-Unit Losses on the Road to Profitability,(Investopedia),Aug-09-23,04:51PM
RIVN,Q2 2023 Rivian Automotive Inc Earnings Call,(Thomson Reuters StreetEvents),Aug-09-23,04:51PM
RIVN,"These Stocks Are Moving the Most Today: Roblox, Upstart, Array, Doximity, DraftKings, Nvidia, and More",(Barrons.com),Aug-09-23,04:51PM
RIVN,Rivian Earnings Impressed Wall Street. The Stock Is Falling Anyway.,(Barrons.com),Aug-09-23,04:51PM
RIVN,"Rivian Challenges Tesla, But an Investment Is High Reward vs High Risk",(TheStreet.com),Aug-09-23,04:51PM
RIVN,"Wendy's Q2 earnings, Rivian production, Upstart stock falls: Trending Tickers",(Yahoo Finance Video),Aug-09-23,04:51PM
RIVN,Rivian Earnings and Revenue Beat Estimates; 2023 Production Guidance Raised,(Motley Fool),Aug-09-23,04:51PM
RIVN,"Sentiment Check: Everyday Investors Shun Cyclicals, Buy Tech",(The Wall Street Journal),Aug-09-23,04:51PM
RIVN,Rivian Earnings Impressed. Wall Street Is Lifting Stock Price Targets.,(Barrons.com),Aug-09-23,04:51PM
RIVN,5 Things to Know Before Markets Open,(Investopedia),Aug-09-23,04:51PM
RIVN,Disney Gets Into Gambling With ESPN. Why Investors Could Hit the Jackpot.,(Barrons.com),Aug-09-23,04:51PM
RIVN,"CORRECTED-US STOCKS-Futures rise after selloff, all eyes on CPI data",(Reuters),Aug-09-23,04:51PM
RIVN,Rivian lifts annual production guidance after Q2 results top estimates; analysts positive,(Investing.com),Aug-09-23,04:51PM
RIVN,Dow futures rise; Disney earnings in the spotlight,(Investing.com),Aug-09-23,04:51PM
RIVN,"Rivian Automotive (RIVN) Reports Q2 Loss, Tops Revenue Estimates",(Zacks),Aug-08-23,07:05PM
RIVN,Rivians Losses Narrow as Production Speeds Up,(The Wall Street Journal),Aug-08-23,07:05PM
RIVN,Rivian boosts EV production target as supply problems ease,(Financial Times),Aug-08-23,07:05PM
RIVN,"Rivian raises production target, sees narrower loss for 2023",(Yahoo Finance),Aug-08-23,07:05PM
RIVN,Rivian Automotive: Q2 Earnings Snapshot,(AP Finance),Aug-08-23,07:05PM
RIVN,"Markets Close in Red, but Well Off Lows; LYFT, RIVN, TWLO Report",(Zacks),Aug-08-23,07:05PM
RIVN,"Rivian Will Build 52,000 EVs This Year, More Than Planned",(Bloomberg),Aug-08-23,07:05PM
RIVN,"Rivian earnings, stock show they can be 'longstanding player' in EV space: Analyst",(Yahoo Finance Video),Aug-08-23,07:05PM
RIVN,"Rivian earnings beat, boosts production outlook",(Yahoo Finance Video),Aug-08-23,07:05PM
RIVN,Rivian Raises Production Forecast as Results Surprise Wall Street,(Barrons.com),Aug-08-23,07:05PM
RIVN,"Rivian lifts 2023 EV production target, reassures on liquidity",(Reuters),Aug-08-23,07:05PM
RIVN,Rivian Releases Second Quarter 2023 Financial Results,(Business Wire),Aug-08-23,07:05PM
RIVN,Rivians Wounded Shorts Set for Potential Squeeze,(Bloomberg),Aug-08-23,07:05PM
RIVN,"Rivian Stock: EV Automaker's Earnings Due, After Q2 Delivery Beat",(Investor's Business Daily),Aug-08-23,07:05PM
RIVN,Rivians Results Are Coming. These Numbers Matter More Than Sales or Earnings.,(Barrons.com),Aug-08-23,07:05PM
RIVN,"Lucid Group (LCID) Reports Q2 Loss, Lags Revenue Estimates",(Zacks),Aug-07-23,06:05PM
RIVN,"Why EV Stocks Lucid Motors, Rivian, and Nikola Plunged Today",(Motley Fool),Aug-07-23,06:05PM
RIVN,"Disney & AMC earnings, CPI, consumer sentiment: What to watch",(Yahoo Finance Video),Aug-07-23,06:05PM
RIVN,Why Earnings Season Could Be Great for Rivian Automotive (RIVN),(Zacks),Aug-07-23,06:05PM
RIVN,"10 Best EV, Battery and Autonomous Driving ETFs",(Insider Monkey),Aug-06-23,06:22PM
RIVN,"Disney & Lyft earnings, inflation data: What to watch next week",(Yahoo Finance Video),Aug-04-23,05:13PM
RIVN,"Tesla's Stock Top Stories: Tesla Faces Off Against Rivian, Legal Challenges, and Eyes India for Expansion",(Benzinga),Aug-04-23,05:13PM
RIVN,Could This Be Rivian's Biggest Threat Right Now?,(Motley Fool),Aug-04-23,05:13PM
RIVN,3 Red Flags for Rivian,(Motley Fool),Aug-04-23,05:13PM
RIVN,Great News for Tesla Stock and Rivian Stock Investors as Ford Sends a Message,(Motley Fool),Aug-04-23,05:13PM
RIVN,Nikola (NKLA) to Report Q2 Earnings: Here's What to Expect,(Zacks),Aug-03-23,12:37PM
RIVN,Is Rivian Stock about to Pop to $40?,(Motley Fool),Aug-03-23,12:37PM
RIVN,CrowdStrike and The Estee Lauder Companies have been highlighted as Zacks Bull and Bear of the Day,(Zacks),Aug-03-23,12:37PM
RIVN,John Krafcik Joins Rivians Board of Directors,(Business Wire),Aug-02-23,04:07PM
RIVN,Why Rivian Stock Sank Today,(Motley Fool),Aug-02-23,04:07PM
RIVN,3 Auto Stocks Set to Outpace Estimates This Earnings Season,(Zacks),Aug-02-23,04:07PM
RIVN,Best Growth Stock: Rivian Stock vs. Plug Power Stock,(Motley Fool),Aug-02-23,04:07PM
RIVN,4 big analyst cuts: Rivian trimmed on valuation and stepped-up competition,(Investing.com),Aug-02-23,04:07PM
RIVN,Why Rivian Stock Is Racing Lower Today,(Motley Fool),Aug-01-23,01:17PM
RIVN,Lucid (LCID) to Report Q2 Earnings: Here's What to Expect,(Zacks),Aug-01-23,01:17PM
RIVN,Rivian (RIVN) to Report Q2 Earnings: What's in the Cards?,(Zacks),Aug-01-23,01:17PM
RIVN,"Goldman Sachs upgraded, Rivian downgraded: Wall Street's top analyst calls",(The Fly),Aug-01-23,01:17PM
RIVN,Rivian names Alan Hoffman as Chief Policy Officer,(Business Wire),Jul-31-23,09:00AM
RIVN,How Smart Money Is Playing The $700 Billion EV Boom,(Oilprice.com),Jul-30-23,08:00PM
RIVN,"12 Best Energy ETFs: Top Oil, Gas and Renewable Energy Funds",(Insider Monkey),Jul-29-23,11:05AM
RIVN,Will Tesla's Price Cuts Kill Rivian's Rally?,(Motley Fool),Jul-29-23,11:05AM
RIVN,Tesla Rolls Out the Cybertruck. Is Rivian Finished?,(Motley Fool),Jul-29-23,11:05AM
XPEV,XPeng Stock Soars Above Key Level Amid Hopes For Earlier Profitability,(Investor's Business Daily),Aug-21-23,04:54PM
XPEV,XPeng Inc. (NYSE:XPEV) Q2 2023 Earnings Call Transcript,(Insider Monkey),Aug-21-23,04:54PM
XPEV,XPeng stock upgraded by BofA analyst on Volkswagen partnership,(Yahoo Finance Video),Aug-21-23,04:54PM
XPEV,XPeng Stock Surges on Upgrade. Positive Free Cash Flow Is in Sight.,(Barrons.com),Aug-21-23,04:54PM
XPEV,"XPeng Soars To Regain Key Level, Rebounding From Earnings Slide",(Investor's Business Daily),Aug-21-23,04:54PM
XPEV,"XPeng Soars Off Key Level, Rebounding From Post-Earnings Slide",(Investor's Business Daily),Aug-21-23,04:54PM
XPEV,"XPeng upgraded, Napco downgraded: Wall Street's top analyst calls",(The Fly),Aug-21-23,04:54PM
XPEV,"4 big analyst picks: BofA now bullish on EV maker XPeng, propelling shares higher",(Investing.com),Aug-21-23,04:54PM
XPEV,Analyst Report: XPeng Inc.,(Morningstar Research),Aug-20-23,11:47PM
XPEV,"EV maker Xpeng expects jump in 3Q deliveries as its semi-autonomous SUV takes off, after posting wider loss",(South China Morning Post),Aug-19-23,05:30AM
XPEV,Q2 2023 Xpeng Inc Earnings Call,(Thomson Reuters StreetEvents),Aug-19-23,05:30AM
XPEV,XPeng (XPEV) Q2 2023 Earnings Call Transcript,(Motley Fool),Aug-18-23,05:00PM
XPEV,"XPeng Earnings Miss, But Its Tesla Model Y Rival In China Is 'Turbocharging' Sales",(Investor's Business Daily),Aug-18-23,05:00PM
XPEV,These Are The 5 Best EV Stocks To Buy And Watch Now,(Investor's Business Daily),Aug-18-23,05:00PM
XPEV,XPeng Earnings Miss But Its Tesla Model Y Rival In China Is 'Turbocharging' Sales,(Investor's Business Daily),Aug-18-23,05:00PM
XPEV,XPeng Stock Tumbles. Something Other Than Earnings Is Leading It Lower.,(Barrons.com),Aug-18-23,05:00PM
XPEV,XPeng Succumbed To Tesla's Price War But Rising Deliveries Provide Hints Of Recovery,(Benzinga),Aug-18-23,05:00PM
XPEV,Shares Of Chinese EV Maker Xpeng Slide on Earnings Loss,(Investopedia),Aug-18-23,05:00PM
XPEV,"XPeng Is Falling, but Here's Friday's Hardest-Hit Stock",(Motley Fool),Aug-18-23,05:00PM
XPEV,"Midday movers: Ross Stores, Applied Materials, Deere and more",(Investing.com),Aug-18-23,05:00PM
XPEV,5 Things to Know Before Markets Open,(Investopedia),Aug-18-23,05:00PM
XPEV,"XPeng Earnings Miss, But EV Startup Sees Q3 Delivery Surge. The Stock Is Falling Anyway.",(Investor's Business Daily),Aug-18-23,05:00PM
XPEV,XPengs Second-Quarter Net Loss Widened on Sales Slump,(The Wall Street Journal),Aug-18-23,05:00PM
XPEV,XPeng Stock Tumbles on Wider-Than-Expected Loss,(Barrons.com),Aug-18-23,05:00PM
XPEV,XPENG Reports Second Quarter 2023 Unaudited Financial Results,(Business Wire),Aug-18-23,05:00PM
XPEV,XPengs Earnings Should Be Wild. Theyll Matter for Tesla.,(Barrons.com),Aug-17-23,05:19PM
XPEV,"XPeng Earnings Due. This Is Key As China Slows, Tesla Chops Prices.",(Investor's Business Daily),Aug-17-23,05:19PM
XPEV,VinFast Stock Falls for Second Day; Chinese EV Shares Rise,(The Wall Street Journal),Aug-17-23,05:19PM
XPEV,VinFast Stock Plunges After EV Maker's Blockbuster Nasdaq Debut,(The Wall Street Journal),Aug-16-23,09:52AM
XPEV,Best Stocks to Buy Now: Rivian vs. Nio vs. Li vs. XPeng,(Motley Fool),Aug-15-23,05:30AM
XPEV,"Tesla Stock Falls After China Price Cuts, Local EV Rivals Also Drop",(The Wall Street Journal),Aug-14-23,12:55PM
XPEV,CORRECTING and REPLACING Premium EV Manufacturer XPENG Chooses ACCESS To Provide In-Vehicle Infotainment,(Business Wire),Aug-14-23,12:55PM
XPEV,"Tesla Stock Falls on China Price Cuts, Local EV Rivals Also Drop",(The Wall Street Journal),Aug-14-23,12:55PM
XPEV,"Big-box earnings, retail sales, Fed minutes: What to know this week",(Yahoo Finance),Aug-13-23,12:48PM
XPEV,These Are The 6 Best EV Stocks To Buy And Watch Now,(Investor's Business Daily),Aug-11-23,10:44AM
XPEV,XPeng Inc. Sponsored ADR (XPEV) Stock Sinks As Market Gains: What You Should Know,(Zacks),Aug-10-23,05:50PM
XPEV,"Buy Li Auto Stock, Sell XPeng. China EV Earnings Matter.",(Barrons.com),Aug-10-23,05:50PM
XPEV,Analyst Report: XPeng Inc.,(Morningstar Research),Aug-08-23,06:56PM
XPEV,"Why QuantumScape, Nio, and XPeng Stocks Rocketed More Than 50% Higher in July",(Motley Fool),Aug-08-23,06:56PM
XPEV,The 3 Best Flying Cars Stocks to Buy in August,(InvestorPlace),Aug-08-23,06:56PM
XPEV,"10 Best EV, Battery and Autonomous Driving ETFs",(Insider Monkey),Aug-06-23,06:22PM
XPEV,The 7 Best EV and Battery Stocks to Buy in 2023,(InvestorPlace),Aug-06-23,06:22PM
XPEV,"EVgo Charging Network Sees Revenue Soar, Uplifted By Project Tied To Warren Buffett",(Investor's Business Daily),Aug-04-23,04:07PM
XPEV,3 Cheap Autonomous Driving Stocks That Smart Investors Will Snap Up Now,(InvestorPlace),Aug-04-23,04:07PM
XPEV,"EV Charging Network EVgo Sees Revenue Soar, Uplifted By Project Tied To Warren Buffett",(Investor's Business Daily),Aug-03-23,03:45PM
XPEV,Tesla's EV Sales in China Fell More Than 30% in July,(Investopedia),Aug-03-23,03:45PM
XPEV,EV Charging Stock Soars On Earnings. IBD 50 Leader Hits Fresh High.,(Investor's Business Daily),Aug-03-23,03:45PM
XPEV,Baidu's Ernie Bot to be used in Great Wall Motor's vehicles to enhance conversation between driver and car,(South China Morning Post),Aug-03-23,03:45PM
XPEV,A $15 Billion Electric Vehicle Niche Is Flying Under Wall Streets Radar,(Oilprice.com),Aug-02-23,07:00PM
XPEV,UPDATE 1-XPeng's vice president of autonomous driving resigns,(Reuters),Aug-02-23,07:00PM
XPEV,XPENG Announces Management Change,(Business Wire),Aug-02-23,07:00PM
XPEV,XPeng CEO: autonomous driving centre VP to resign from his position,(Reuters),Aug-02-23,07:00PM
XPEV,UPDATE 2-Volkswagen in talks with Leapmotor on tech tie-up for Jetta brand - China media,(Reuters),Aug-02-23,07:00PM
XPEV,"Li Auto Pops To High On Robust Sales, But Nio May Have Edge Ahead",(Investor's Business Daily),Aug-01-23,04:07PM
XPEV,Tesla's China Rivals Post Robust Deliveries. This EV Stock Hits New High.,(Investor's Business Daily),Aug-01-23,04:07PM
XPEV,"NIO, Li, and XPeng Post Huge Deliveries Numbers. Thats Good for Tesla Stock.",(Barrons.com),Aug-01-23,04:07PM
XPEV,Tesla's China Rivals Amp Up EV Deliveries. Two Stocks Double This Year.,(Investor's Business Daily),Aug-01-23,04:07PM
XPEV,"Huge Delivery Numbers From, NIO, Li, and XPeng Are Good for Tesla Stock",(Barrons.com),Aug-01-23,04:07PM
XPEV,"XPENG to Report Second Quarter 2023 Financial Results on Friday, August 18, 2023",(Business Wire),Aug-01-23,04:07PM
XPEV,XPENG Announces Vehicle Delivery Results for July 2023,(Business Wire),Aug-01-23,04:07PM
XPEV,"Tesla's China Rivals Nio, Li Auto, XPeng Amp Up Their EV Game. Two Stocks Double This Year.",(Investor's Business Daily),Jul-31-23,02:28PM
XPEV,"Adobe upgraded, Salesforce downgraded: Wall Street's top analyst calls",(The Fly),Jul-31-23,02:28PM
XPEV,4 big deal reports: Biogen shells out $7.3B for Reata Pharma,(Investing.com),Jul-31-23,02:28PM
XPEV,Tesla's India moves - and dashboard manipulation allegations: This week in EVs,(Investing.com),Jul-30-23,12:29AM
XPEV,"Tesla, EV Stocks Rise as Ford Shares Retreat",(The Wall Street Journal),Jul-28-23,02:44PM
XPEV,"Block upgraded, Southwest downgraded: Wall Street's top analyst calls",(The Fly),Jul-28-23,02:44PM
XPEV,"Buy XPeng Stock, Says Analyst. Its About VW.",(Barrons.com),Jul-28-23,02:44PM
XPEV,Volkswagen Seeks to Reclaim China Crown in Deal With EV-Maker XPeng,(The Wall Street Journal),Jul-28-23,02:44PM
XPEV,"US Hedge Funds Unload $700 Million of China ADRs, Morgan Stanley Says",(Bloomberg),Jul-27-23,07:11PM
XPEV,"VW stock lower as auto giant cuts sales forecast, refocuses China efforts",(Yahoo Finance),Jul-27-23,07:11PM
XPEV,VW-Xpeng EV models to use Xpeng platform in boost for Chinese startup,(Reuters),Jul-27-23,07:11PM
XPEV,UPDATE 1-VW-Xpeng EV models to use Xpeng platform in boost for Chinese startup,(Reuters),Jul-27-23,07:11PM
XPEV,"Global Stocks to Watch Thursday: Barclays, Shell, Volkswagen, Xpeng",(The Wall Street Journal),Jul-27-23,07:11PM
XPEV,VW cuts global delivery forecast after sales fall in China,(Financial Times),Jul-27-23,07:11PM
XPEV,Volkswagens EV Gambit in China Makes Sense,(The Wall Street Journal),Jul-27-23,07:11PM
XPEV,Volkswagen and Xpeng to use Xpeng's G9 platform for jointly developed EV models,(Reuters),Jul-27-23,07:11PM
XPEV,VW Takes $700M Xpeng Stake for EV Pact to Win Back China,(Bloomberg),Jul-27-23,07:11PM
XPEV,"Boeing earnings, Volkswagen's XPeng investment, Snap stock: Trending tickers",(Yahoo Finance Video),Jul-26-23,04:30PM
XPEV,Why XPeng Shares Shot Higher Today,(Motley Fool),Jul-26-23,04:30PM
XPEV,Volkswagen invests $700mn in Chinas Xpeng to boost faltering car sales,(Financial Times),Jul-26-23,04:30PM
XPEV,"Tilray revenue, Union Pacific new CEO, Volkswagen's XPeng investment: Top stories",(Yahoo Finance Video),Jul-26-23,04:30PM
XPEV,XPeng Stock Soars on Unexpected Investment by VW. Rivian Rises Too.,(Barrons.com),Jul-26-23,04:30PM
XPEV,VolkswagenTakes $700 Million Xpeng Stake for EV Pact to Win Back China,(Bloomberg),Jul-26-23,04:30PM
XPEV,"UPDATE 2-Volkswagen buys Xpeng stake, partners with SAIC to boost China EV lineup",(Reuters),Jul-26-23,04:30PM
XPEV,XPENG and the Volkswagen Group Announce Entry into Framework Agreement on Strategic Technical Collaboration and Strategic Minority Investment by the Volkswagen Group in XPENG,(Business Wire),Jul-26-23,04:30PM
XPEV,"Volkswagen to expand China line-up with Xpeng, SAIC partnerships",(Reuters),Jul-26-23,04:30PM
XPEV,Analyst Report: XPeng Inc.,(Morningstar Research),Jul-24-23,06:52PM
XPEV,4 big analyst cuts: Carvana downgraded again despite impressive Q2 results,(Investing.com),Jul-21-23,02:26AM
XPEV,XPeng Inc. Sponsored ADR (XPEV) Gains As Market Dips: What You Should Know,(Zacks),Jul-20-23,06:00PM
XPEV,"Tesla stock is worth only $85 after gross margin whiff, analyst says: Wall Street reacts",(Yahoo Finance),Jul-20-23,06:00PM
XPEV,An Intrinsic Calculation For XPeng Inc. (NYSE:XPEV) Suggests It's 46% Undervalued,(Simply Wall St.),Jul-18-23,09:55AM
XPEV,Best EV Stocks: Nio vs. XPeng vs. Li Auto,(Motley Fool),Jul-17-23,07:03PM
XPEV,3 Flying Car Stocks for Getting Rich in 2023,(InvestorPlace),Jul-17-23,07:03PM
XPEV,XPeng Inc. Sponsored ADR (XPEV) Dips More Than Broader Markets: What You Should Know,(Zacks),Jul-14-23,06:00PM
XPEV,Ray Dalios China Stocks,(Insider Monkey),Jul-14-23,06:00PM
XPEV,Nio Stock Eyes Return To Glory. Its EV Sales Are Set To Accelerate.,(Investor's Business Daily),Jul-12-23,04:15PM
XPEV,LI Stock Prediction: Li Auto Will Be a Vehicle for Profits in H2 2023,(InvestorPlace),Jul-11-23,07:31AM
XPEV,XPeng's Model Y Rival Hits The Road. This Will Be Key As EV Startup Makes 'Last Stand.',(Investor's Business Daily),Jul-10-23,04:21PM
XPEV,3 Energy Stocks That AI Predicts Will Deliver Triple-Digit Returns in 2023,(InvestorPlace),Jul-10-23,04:21PM
XPEV,"Tesla, Ford, GM report hefty deliveries; shareholders vs. Rivian: This week in EVs",(Investing.com),Jul-09-23,02:35AM
LCID,"Lucid CEO: Air EV price cuts 'well received,' Gravity SUV reveal set for November",(Yahoo Finance),Aug-22-23,01:25PM
LCID,"Lucid returning to original price structure, CEO explains",(Yahoo Finance Video),Aug-22-23,01:25PM
LCID,Tesla Alums Win Big in Green Energy Bonanza,(The Wall Street Journal),Aug-15-23,05:30AM
LCID,Tesla stock falls after slashing some Model Y prices in China,(Yahoo Finance Video),Aug-14-23,09:55AM
LCID,"Sentiment Check: Everyday Investors Shun Cyclicals, Buy Tech",(The Wall Street Journal),Aug-09-23,09:13AM
LCID,Rivians Losses Narrow as Production Speeds Up,(The Wall Street Journal),Aug-08-23,06:41PM
LCID,"Rivian raises production target, sees narrower loss for 2023",(Yahoo Finance),Aug-08-23,06:41PM
LCID,"Lucid stock rises despite earnings miss, unveils Air Sapphire: Trending Ticker",(Yahoo Finance Video),Aug-08-23,06:41PM
LCID,Lucid Announces Final Production Specifications for the Lucid Air Sapphire: The World's First Luxury Electric Super-Sports Sedan,(PR Newswire),Aug-08-23,06:41PM
LCID,Shares of EV Maker Lucid Are in the Red. Earnings Missed.,(Barrons.com),Aug-08-23,06:41PM
LCID,Lucid Misses Earnings Estimates. Share Rise Anyway.,(Barrons.com),Aug-07-23,06:22PM
LCID,"Paramount Global, Lucid Group, Beyond Meat, Chegg: After-hours movers",(Yahoo Finance Video),Aug-07-23,06:22PM
LCID,"Lucid earnings: EV maker reports Q2 revenue, earnings miss; reiterates Gravity SUV on track",(Yahoo Finance),Aug-07-23,06:22PM
LCID,"Lucid Announces Second Quarter 2023 Financial Results, On Track for Annual Production Guidance of More Than 10,000 Vehicles",(PR Newswire),Aug-07-23,06:22PM
LCID,Lucid slashes prices of Air EVs as Q2 earnings loom,(Yahoo Finance),Aug-07-23,06:22PM
LCID,"Disney & AMC earnings, CPI, consumer sentiment: What to watch",(Yahoo Finance Video),Aug-07-23,06:22PM
LCID,"Disney & Lyft earnings, inflation data: What to watch next week",(Yahoo Finance Video),Aug-04-23,05:13PM
LCID,Steer Clear of Lucid Stock or Brace Yourself for Serious Portfolio Pain,(InvestorPlace),Jul-21-23,06:25AM
LCID,Lucid board member on EV competition: We're not targeting Tesla,(Yahoo Finance),Jul-18-23,09:37AM
LCID,The new China has arrived and companies need to adjust: Former Dow CEO,(Yahoo Finance Video),Jul-17-23,04:13PM
LCID,"Tesla, Lucid Stocks Rise; Ford Shares Fall",(The Wall Street Journal),Jul-17-23,04:13PM
LCID,Tesla Stock Rises; Ford Shares Fall,(The Wall Street Journal),Jul-17-23,04:13PM
LCID,"Tesla Stock Rises, Ford Shares Fall",(The Wall Street Journal),Jul-17-23,04:13PM
LCID,Lucid stock plummets after missing on Q2 EV delivery estimates,(Yahoo Finance Video),Jul-12-23,04:49PM
LCID,Lucid Electric Vehicle Deliveries Fall Short of Estimates and Shares Sink,(Investopedia),Jul-12-23,04:49PM
LCID,"Stocks to Watch Wednesday: Domino's, Coty, Activision, Lucid",(The Wall Street Journal),Jul-12-23,04:49PM
LCID,Lucid stock tumbles as EV maker misses on Q2 deliveries,(Yahoo Finance),Jul-12-23,04:49PM
LCID,Lucid Veers Off Course,(The Wall Street Journal),Jul-12-23,04:49PM
LCID,"Lucid Announces Q2 Production & Deliveries, Sets Date for Second Quarter 2023 Results",(PR Newswire),Jul-12-23,04:49PM
LCID,"Stocks to Watch Monday: Tesla, Rivian, AstraZeneca",(The Wall Street Journal),Jul-03-23,12:37PM
LCID,Tesla Stock Jumps as Price Cuts Juice Deliveries; Other EV Makers Rally,(The Wall Street Journal),Jul-03-23,12:37PM
LCID,One Big Bet: Traders Love Rivianand Other Electric-Car Makers,(The Wall Street Journal),Jul-03-23,12:37PM
LCID,Tesla Stock Jumps After Price-Cut Strategy Juices Deliveries; EV Makers Rally,(The Wall Street Journal),Jul-03-23,12:37PM
LCID,Lordstown Motors files for bankruptcy: Why there could be more consolidation in the EV space,(Yahoo Finance Video),Jun-27-23,04:29PM
LCID,Lordstown bankruptcy points to EV hype that didn't deliver,(Yahoo Finance),Jun-27-23,04:29PM
LCID,Tesla Leads Surge in Battered Clean-Energy Stocks,(The Wall Street Journal),Jun-26-23,05:01PM
LCID,"Aston Martin, Lucid reach EV tech deal, stocks soar",(Yahoo Finance),Jun-26-23,05:01PM
LCID,Lucid Stock Jumps on Aston Martin Electric-Vehicle Partnership,(The Wall Street Journal),Jun-26-23,05:01PM
LCID,Traders Pounce on Lucid Stock After EV-Partnership With Aston Martin,(The Wall Street Journal),Jun-26-23,05:01PM
LCID,Lucid strikes EV technology deal with Aston Martin,(Yahoo Finance Video),Jun-26-23,05:01PM
LCID,Do Tesla downgrades matter?,(Yahoo Finance Video),Jun-26-23,05:01PM
LCID,Lucid Revs Up Aston Martins EV Plans,(The Wall Street Journal),Jun-26-23,05:01PM
LCID,Lucid stock jumps on EV partnership with Aston Martin,(Yahoo Finance Video),Jun-26-23,05:01PM
LCID,Lucid's World-Leading Electric Powertrain Technology Propels Aston Martin to a Bold Electric Future,(PR Newswire),Jun-26-23,05:01PM
LCID,Lucid's World-Leading Electric Powertrain Technology Propels Aston Martin to a Bold Electric Future,(CNW Group),Jun-26-23,05:01PM
LCID,Why LCID Stock Investors Need to Buckle Up or Get Out Now,(InvestorPlace),Jun-13-23,06:00AM
LCID,Carvana & Lucid shares rise: Top tickers,(Yahoo Finance Video),Jun-08-23,04:26PM
LCID,Lucid stock rises on plans to join China's EV market: Report,(Yahoo Finance Video),Jun-08-23,04:26PM
LCID,439 Million Reasons NOT to Buy Lucid Stock,(InvestorPlace),Jun-06-23,06:00AM
LCID,"Buy Alphabet & Jefferies, avoid American Airlines & Lucid: Strategist",(Yahoo Finance Video),Jun-05-23,03:42PM
LCID,Steer Clear of Lucid Stock Even as Big Players Make Bold Bets,(InvestorPlace),Jun-02-23,11:42AM
LCID,"Lucid, C3.ai, Retail stocks: Thursday's trending tickers",(Yahoo Finance Video),Jun-01-23,04:39PM
LCID,"Lucid Group, Inc. Announces Pricing of Public Offering of Common Stock and Corresponding Investment by an Affiliate of PIF for Aggregate Gross Proceeds of Approximately $3.0 Billion",(PR Newswire),May-31-23,09:12PM
LCID,"Lucid Group, Inc. Announces Public Offering of Common Stock and Corresponding Investment by an Affiliate of PIF for Aggregate Expected Gross Proceeds of Approximately $3.0 Billion",(PR Newswire),May-31-23,09:12PM
LCID,EV startups will have to 'race to catch Tesla' in maturing EV market: Expert,(Yahoo Finance Video),May-12-23,12:11PM
LCID,EV Startups Are Proving Warren Buffett Right,(The Wall Street Journal),May-11-23,01:16PM
LCID,Lucid Motors Announces Andrea Soriani as Vice President of Marketing,(PR Newswire),May-09-23,09:00AM
LCID,Tesla analyst: 'We don't think that this is the floor' for price cuts,(Yahoo Finance Video),May-08-23,05:54PM
LCID,"Stocks moving in after hours: PayPal, Palantir, Lucid",(Yahoo Finance Video),May-08-23,05:54PM
LCID,"Rivian has structural, demand challenges to overcome 'to unlock real value' of the EV stock: Analyst",(Yahoo Finance Video),May-08-23,05:54PM
LCID,"Lucid earnings: EV-maker reports revenue, profit miss; targets 10,000 units produced this year",(Yahoo Finance),May-08-23,05:54PM
LCID,Lucid Announces First Quarter 2023 Financial Results,(PR Newswire),May-08-23,05:54PM
LCID,Dont Count on a Comeback for Lucid Stock,(InvestorPlace),Apr-28-23,06:00AM
LCID,Lucid begins testing on its 'Gravity' All-Electric SUV,(Yahoo Finance Video),Apr-25-23,04:37PM
LCID,Lucid's Upcoming Gravity Luxury Electric SUV Hits the Road in Latest Phase of Development and Testing,(PR Newswire),Apr-25-23,04:37PM
LCID,"Lucid Announces New Board Members, Sherif Marakby, Chabi Nouri, and Ori Winitzer",(PR Newswire),Apr-24-23,01:00PM
LCID,2023 Lucid Air Touring: A Much Maligned EV Deserves a Second Look,(The Wall Street Journal),Apr-20-23,04:30PM
LCID,The Power of the Dark Side; Lucid Begins Deliveries of 'Stealth Appearance' Darkened Exterior Design Theme,(PR Newswire),Apr-20-23,04:30PM
LCID,Lucid Joins the United Nations Global Compact,(PR Newswire),Apr-19-23,09:00AM
LCID,Uh-Oh. The Situation With Lucid Stock Has Gone From Bad to Worse.,(InvestorPlace),Apr-19-23,09:00AM
LCID,Lucid Air Grand Touring: A phenomenal EV that shows the future is here,(Yahoo Finance),Apr-16-23,11:01AM
LCID,Don't want a Tesla? Here are your top 5 EV options,(Yahoo Finance),Apr-15-23,01:20PM
LCID,The top non-Tesla EVs for consumers,(Yahoo Finance Video),Apr-14-23,04:26PM
LCID,"Lucid stock slides as EV deliveries slip, Marathon Digital rallies as bitcoin rises above $30,000",(Yahoo Finance Video),Apr-14-23,04:26PM
LCID,"Bank stocks rally following earnings data, tech under pressure",(Yahoo Finance Video),Apr-14-23,04:26PM
LCID,"Another EV Start-up Has Cash, Production Problems.  Its Stock Is Diving.",(Barrons.com),Apr-14-23,04:26PM
LCID,"Lucid Announces Q1 Production & Deliveries, Sets Date for First Quarter 2023 Results",(PR Newswire),Apr-13-23,04:05PM
LCID,"Lucid Announces the 2023 'Dream Ahead Tour,' an Opportunity to Drive the Award-Winning Lucid Air in 40+ U.S. Cities",(PR Newswire),Apr-13-23,04:05PM
LCID,Road Test: The Lucid Air Grand Touring Performance,(Yahoo Finance Video),Apr-11-23,04:52PM
LCID,Lucid Air Wins 2023 World Luxury Car of the Year,(PR Newswire),Apr-05-23,01:54PM
LCID,"Lucid Stock: A High-Risk, High-Reward EV Play",(TipRanks),Mar-30-23,03:52PM
LCID,Lucid Group Stock Extends Rout Amid Layoff Plans,(Schaeffer's Investment Research),Mar-29-23,01:41PM
LCID,"EV Startup Lucid Slashes 18% of Workforce, Cuts Include Executives",(The Wall Street Journal),Mar-28-23,05:28PM
LCID,"EV Startup Lucid Cuts 18% of Workforce, Including Some Executives",(The Wall Street Journal),Mar-28-23,05:28PM
LCID,"Sorry, LCID Stock Investors. Dont Expect Much From Lucid.",(InvestorPlace),Mar-28-23,05:28PM
LCID,Lucid recalls Air sedans over power loss risks,(Yahoo Finance Video),Mar-27-23,04:33PM
LCID,"Doug DeMuro talks Cars & Bids, Teslas competition, and why analog cars are the next big bet",(Yahoo Finance),Mar-18-23,01:59PM
LCID,"Lucid Opens New Retail Studio Location in California, at The Village at Corte Madera in Marin County",(PR Newswire),Mar-17-23,09:00AM
LCID,Lucid Stock Investors Need to Buckle Up for a Bumpy Ride,(InvestorPlace),Mar-07-23,06:00AM
LCID,EV Startups Brace for Another Tough Year as Cash Dwindles,(The Wall Street Journal),Mar-06-23,04:32PM
LCID,Ford's 'balanced' electric bet faces crucial 2023 as restructuring takes hold,(Yahoo Finance),Mar-05-23,10:24AM
LCID,Is Lucid (LCID) Stock a Buy? Heres My Call.,(InvestorPlace),Feb-27-23,11:52AM
LCID,"Move Over EVs, Hybrids Are Hot in China",(The Wall Street Journal),Feb-27-23,11:52AM
LCID,"Biggest takeaways from the automotive, EV industry this earnings season",(Yahoo Finance Video),Feb-23-23,04:17PM
LCID,"EV Stocks Fall After Lucid Cuts Production Target, Lordstown Component Issues",(The Wall Street Journal),Feb-23-23,04:17PM
LCID,Lucid stock declines after missing on Q4 revenue estimates,(Yahoo Finance Video),Feb-23-23,04:17PM
LCID,EV Startups Have a New Bottleneck: Demand,(The Wall Street Journal),Feb-23-23,04:17PM
LCID,EV Startup Lucid Aims to Nearly Double Production in 2023,(The Wall Street Journal),Feb-22-23,09:14PM
LCID,"Yahoo Finance Trending Tickers: Nvidia, Lucid, Etsy, Bumble",(Yahoo Finance),Feb-22-23,09:14PM
LCID,"Stocks moving in after-hours: Nvidia, Lucid, Etsy, Bumble",(Yahoo Finance),Feb-22-23,09:14PM
